"Farm_ID","X2a.Total.Cattle.2010","X2b.Total.Sheep.2010","X2c.Total.Goats.2010","X4a.Cows.Abort.2010","X4a.Ewes.Abort.2010","X4a.Does.Abort.2010","X4b.AdultCattle.Die.2010","X4b.Calves.Die.2010","X4b.AdultSheep.Die.2010","X4b.Lambs.Die.2010","X4b.AdultGoats.Die.2010","X4b.GoatKids.Die.2010","X5.RVF.Vax.before.Outbreak.2010","X6.RVF.Vax.During.Outbreak.2010","X3.Outbreak","Max.Dist.Purch.Ave","f9.Prct.Access.to.Pan.Ave","f9.Pan.Num.Ave","Num_Natural_WaterSources.Ave","f14.Size.Farm.15","f2.Communal.or.Private.15","f18.Production.15","District","CumSum.2m.Rain","Prct.Rain.Days.2m","Ave.2m.CumSum","CumSum.2m.Rain_Oct","Prct.Rain.Days.2m_Oct","TotalPopDomR_2010","TotalRVFDeathsDomR.2010","TotalRVFAbortionsDomR.2010","PrctRVFAbort.2010","PrctRVFDeath.2010","PrctCattle_Ave.2010","PrctGoats_Ave.2010","X2a.Total.Cattle.2010.Stand","X2b.Total.Sheep.2010.Stand","X2c.Total.Goats.2010.Stand","Sum.Ruminants.Gained.Ave.Stand","Max.Dist.Purch.Ave.Stand","f14.Size.Farm.15.Stand","f9.Pan.Num.Ave.Stand","Num_Natural_WaterSources.Ave.Stand","CumSum.2m.Rain.Stand","TotalPopDomR_2010.Stand","TotalRVFDeathsDomR.2010.Stand","TotalRVFAbortionsDomR.2010.Stand","Prct.Rain.Days.2m.Stand","PrctSheep_Ave.2010","PrctGoats_Ave.2010.Stand","CumSum.2m.Rain_Oct.Stand","Prct.Rain.Days.2m_Oct.Stand","Sheep.Present.2010","Cattle.Present.2010","Goats.Present.2010"
"001b",550,300,0,0,30,0,26,0,5,10,0,0,0,1,1,0,0,0,5.5,5500,"P","Commercial","Boshof",258.968477,0.516666666666667,271.076835666667,203.883778,0.516666666666667,850,41,30,0.0352941176470588,0.0482352941176471,0.647058823529412,0,1.04262493275415,-0.275919772467669,-0.24450260126359,-0.158907765236155,-0.136464600747222,0.902423987603064,-0.575962463956698,-0.266762153385821,-0.857019864773032,0.0607171941960598,0.782380787291935,0.0919574495698589,0.336568372893524,0.352941176470588,-0.302113189811343,0.0326421609716993,0.577780821071235,1,1,0
"003h",120,1500,0,0,468,0,0,0,135,0,0,0,0,1,1,0,60,3.25,11.5,2096,"P","Commercial","Herbert",257.304971,0.5,254.597278222222,161.885366,0.483333333333333,1620,135,468,0.288888888888889,0.0833333333333333,0.0740740740740741,0,-0.155767835163212,0.841352800372562,-0.24450260126359,-0.158907765236155,-0.136464600747222,-0.158643636903407,1.49909860711131,0.320604055904061,-0.905692757672706,0.756090117314048,3.48536862210144,6.01509905421666,-0.0146334075171093,0.925925925925926,-0.302113189811343,-1.06855039363992,-0.365534805167519,1,1,0
"006b",400,150,0,0,0,0,0,0,0,0,0,0,0,1,0,0,55,2,25,11700,"P","Commercial","Boshof",260.354684,0.533333333333333,271.006554333333,185.432035,0.483333333333333,550,0,0,0,0,0.727272727272727,0,0.624580943945767,-0.415578844072698,-0.24450260126359,-0.158907765236155,-0.136464600747222,2.83503834481227,0.700998195162079,1.6421780268063,-0.81646052513267,-0.210207321304455,-0.39658199172072,-0.313737180885401,0.687770153304134,0.272727272727273,-0.302113189811343,-0.451159988766894,-0.365534805167519,1,1,0
"008h",70,1800,0,7,80,0,8,0,120,0,0,0,0,1,1,0,50,3.5,7.5,850,"P","Semi-Commercial","Herbert",254.37678,0.5,256.097747333333,150.845637,0.466666666666667,1870,128,87,0.046524064171123,0.0684491978609626,0.0374331550802139,0,-0.295115831432673,1.12067094358262,-0.24450260126359,-0.158907765236155,-0.136464600747222,-0.547036780303837,1.65871868950116,-0.0709734169558607,-0.991369350923823,0.98186054689781,3.28408229397732,0.862777247434853,-0.0146334075171093,0.962566844919786,-0.302113189811343,-1.35801056131793,-0.837192618286868,1,1,0
"009b",100,200,0,0,0,0,0,0,0,0,0,0,0,1,0,0,90.5,1,8.5,517,"P","Semi-Commercial","Boshof",324.04662,0.533333333333333,272.358704888889,239.82223,0.5,300,0,0,0,0,0.333333333333333,0,-0.211507033670996,-0.369025820204355,-0.24450260126359,-0.158907765236155,-0.136464600747222,-0.650836874005557,0.0625178656026901,0.0269209512591196,1.04711602914542,-0.435977750888217,-0.39658199172072,-0.313737180885401,0.687770153304134,0.666666666666667,-0.302113189811343,0.974943402425,0.106123007951857,1,1,0
"011b",50,0,0,0,0,0,0,0,0,0,0,0,0,0,0,0,0,0,3,584,"P","Small holder","Brandfort",319.71279,0.55,276.553913,249.06794,0.516666666666667,50,0,0,0,0,1,0,-0.350855029940457,-0.555237915677727,-0.24450260126359,-0.158907765236155,-0.136464600747222,-0.629952170467973,-0.575962463956698,-0.511498073923272,0.920311531033965,-0.661748180471979,-0.39658199172072,-0.313737180885401,1.03897193371477,0,-0.302113189811343,1.2173646400208,0.577780821071235,0,1,0
"014k",184,700,0,0,5,0,0,0,0,8,0,0,1,0,1,0,55,1.5,7,1080,"P","Commercial","Kimberley",248.219867,0.5,258.898327777778,146.061983,0.466666666666667,884,8,5,0.00565610859728507,0.00904977375565611,0.208144796380091,0,0.0225976000616975,0.0965044184790749,-0.24450260126359,-0.158907765236155,-0.136464600747222,-0.475343021891237,0.381758030382384,-0.119920601063351,-1.17151584095248,0.0914219726194515,-0.166540473864593,-0.246121409142858,-0.0146334075171093,0.791855203619909,-0.302113189811343,-1.48343730765868,-0.837192618286868,1,1,0
"015b",20,0,0,0,0,0,0,0,0,0,0,0,0,0,0,0,0,0,3,147,"P","Semi-Commercial","Bloemfontein",295.28356,0.516666666666667,264.213055,240.73865,0.5,20,0,0,0,0,1,0,-0.434463827702133,-0.555237915677727,-0.24450260126359,-0.158907765236155,-0.136464600747222,-0.766170311451912,-0.575962463956698,-0.511498073923272,0.20553124445158,-0.688840632022031,-0.39658199172072,-0.313737180885401,0.336568372893524,0,-0.302113189811343,0.998971808091796,0.106123007951857,0,1,0
"016s",60,4000,0,0,0,0,0,0,0,0,0,0,0,0,0,0,0,0,2,1600,"P","Commercial","Smithfield",301.933913,0.45,356.710262333333,216.645527,0.533333333333333,4060,0,0,0,0,0.0147783251231527,0,-0.322985430686565,3.16900399378971,-0.24450260126359,-0.158907765236155,-0.136464600747222,-0.313252785480143,-0.575962463956698,-0.609392442138253,0.400115405442902,2.95960951005157,-0.39658199172072,-0.313737180885401,-1.06823874874899,0.985221674876847,-0.302113189811343,0.367253454908773,1.04943863419058,1,1,0
"024k",0,500,0,0,0,0,0,0,30,0,0,0,0,0,1,0,0,0,13.5,4000,"P","Commercial","Koffiefontein",271.02728,0.433333333333333,274.417392888889,177.072767,0.5,500,30,0,0,0.06,0,0,-0.490203026209918,-0.0897076769942969,-0.24450260126359,-0.158907765236155,-0.136464600747222,0.434855997955677,-0.575962463956698,0.516392792334021,-0.504188659525034,-0.255361407221207,0.466073700239759,-0.313737180885401,-1.41944052915962,1,-0.302113189811343,-0.670338839710192,0.106123007951857,1,0,0
"028j",0,500,0,0,0,0,0,0,0,0,0,0,1,0,0,0,0,0,6,2200,"P","Commercial","Jacobsdal",263.932691,0.483333333333333,252.999245333333,175.17613,0.483333333333333,500,0,0,0,0,0,0,-0.490203026209918,-0.0897076769942969,-0.24450260126359,-0.158907765236155,-0.136464600747222,-0.126225589621188,-0.575962463956698,-0.217814969278331,-0.711770820673964,-0.255361407221207,-0.39658199172072,-0.313737180885401,-0.365835187927742,1,-0.302113189811343,-0.720068399561192,-0.365534805167519,1,0,0
"033b",100,50,0,2,5,0,2,0,0,0,0,0,0,1,1,0,100,3,9,1200,"P","Commercial","Boshof",359.752521,0.566666666666667,289.539377,219.836799,0.533333333333333,150,2,7,0.0466666666666667,0.0133333333333333,0.666666666666667,0,-0.211507033670996,-0.508684891809384,-0.24450260126359,-0.158907765236155,-0.136464600747222,-0.437937582719446,1.33947852472147,0.0758681353666098,2.09184294642699,-0.571440008638474,-0.339071612256688,-0.21907510044584,1.3901737141254,0.333333333333333,-0.302113189811343,0.450928165422603,1.04943863419058,1,1,0
"033d",70,550,0,0,5,0,0,0,5,0,0,0,1,1,1,0,0,0,0,100,"P","Commercial","Dealesville",332.647171,0.533333333333333,307.724378333333,262.15655,0.533333333333333,620,5,5,0.00806451612903226,0.00806451612903226,0.112903225806452,0,-0.295115831432673,-0.0431546531259539,-0.24450260126359,-0.158907765236155,-0.136464600747222,-0.78082077512753,-0.575962463956698,-0.805181178568213,1.29876146817672,-0.146991601021001,-0.25280604306064,-0.246121409142858,0.687770153304134,0.887096774193548,-0.302113189811343,1.56054618417574,1.04943863419058,1,1,0
"034j",36,69,0,0,0,0,0,0,0,0,0,0,0,1,0,0,75,1,2,245,"P","Small holder","Jacobsdal",257.785013,0.466666666666667,251.871168444444,174.045712,0.466666666666667,105,0,0,0,0,0.342857142857143,0,-0.389872468895906,-0.490994742739413,-0.24450260126359,-0.158907765236155,-0.136464600747222,-0.735622536128283,0.0625178656026901,-0.609392442138253,-0.891647101778862,-0.612078685963552,-0.39658199172072,-0.313737180885401,-0.717036968338353,0.657142857142857,-0.302113189811343,-0.749707803193856,-0.837192618286868,1,1,0
"037b",700,200,0,0,0,0,0,0,5,0,0,0,0,1,1,0,100,7,8,428,"P","Small holder","Brandfort",323.954604,0.55,274.743024555556,260.52372,0.533333333333333,900,5,0,0,0.00555555555555556,0.777777777777778,0,1.46066892156253,-0.369025820204355,-0.24450260126359,-0.158907765236155,-0.136464600747222,-0.678579241391302,3.89339984295902,-0.0220262328483705,1.04442371248828,0.105871280112812,-0.25280604306064,-0.313737180885401,1.03897193371477,0.222222222222222,-0.302113189811343,1.51773360738244,1.04943863419058,1,1,0
"038b",250,0,0,0,0,0,0,0,0,0,0,0,1,0,0,12.5,55,2,3,6000,"P","Commercial","Boshof",327.41098,0.566666666666667,294.232625666667,256.37255,0.533333333333333,250,0,0,0,0,1,0,0.206536955137385,-0.555237915677727,-0.24450260126359,-0.158907765236155,0.0751084236670759,1.05827998415219,0.700998195162079,-0.511498073923272,1.14555458840277,-0.48113183680497,-0.39658199172072,-0.313737180885401,1.3901737141254,0,-0.302113189811343,1.40889050405446,1.04943863419058,0,1,0
"041b",120,80,0,0,3,0,4,2,0,0,0,0,0,0,1,0,0,0,0,675,"P","Commercial","Boshof",255.276619,0.5,254.201803777778,174.646726,0.483333333333333,200,6,3,0.015,0.03,0.6,0,-0.155767835163212,-0.480753077488378,-0.24450260126359,-0.158907765236155,-0.136464600747222,-0.601586379096032,-0.575962463956698,-0.805181178568213,-0.965040761021562,-0.526285922721722,-0.224050853328624,-0.273167717839875,-0.0146334075171093,0.4,-0.302113189811343,-0.733949299229056,-0.365534805167519,1,1,0
"044b",10,10,0,0,0,0,0,0,0,0,0,0,0,0,0,0,0,0,0,5,"P","Small holder","Bloemfontein",296.96453,0.516666666666667,263.914487444444,247.19244,0.5,20,0,0,0,0,0.5,0,-0.462333426956025,-0.545927310904058,-0.24450260126359,-0.158907765236155,-0.136464600747222,-0.810433414471865,-0.575962463956698,-0.805181178568213,0.254715120420507,-0.688840632022031,-0.39658199172072,-0.313737180885401,0.336568372893524,0.5,-0.302113189811343,1.16818928938673,0.106123007951857,1,1,0
"045s",30,1200,0,0,0,0,0,0,0,0,0,0,1,0,0,0,0,0,8.5,6500,"P","Commercial","Smithfield",302.212722,0.45,350.285121777778,210.416523,0.516666666666667,1230,0,0,0,0,0.024390243902439,0,-0.406594228448241,0.562034657162505,-0.24450260126359,-0.158907765236155,-0.136464600747222,1.21413598070132,-0.575962463956698,0.0269209512591196,0.408273140128838,0.403888247163378,-0.39658199172072,-0.313737180885401,-1.06823874874899,0.975609756097561,-0.302113189811343,0.203929831447819,0.577780821071235,1,1,0
"045t",0,1000,0,0,0,0,0,0,0,0,0,0,0,0,0,120,0,0,10,970,"P","Commercial","Trompsburg",338.66494,0.5,337.412775111111,213.18059,0.516666666666667,1000,0,0,0,0,0,0,-0.490203026209918,0.375822561689133,-0.24450260126359,-0.158907765236155,1.89463643363004,-0.509631341132046,-0.575962463956698,0.17376250358159,1.47483671288998,0.196179451946317,-0.39658199172072,-0.313737180885401,-0.0146334075171093,1,-0.302113189811343,0.276403285940519,0.577780821071235,1,0,0
"046j",75,300,0,0,0,0,0,0,0,0,0,0,1,0,0,0,0,0,6,850,"P","Commercial","Jagersfontein",291.42875,0.5,267.512418555556,220.270576,0.483333333333333,375,0,0,0,0,0.2,0,-0.281181031805727,-0.275919772467669,-0.24450260126359,-0.158907765236155,-0.136464600747222,-0.547036780303837,-0.575962463956698,-0.217814969278331,0.0927424993081317,-0.368246622013088,-0.39658199172072,-0.313737180885401,-0.0146334075171093,0.8,-0.302113189811343,0.46230173837488,-0.365534805167519,1,1,0
"054l",50,200,15,2,2,2,1,0,0,0,0,0,1,1,1,600,100,1,1,1309,"P","Commercial","Lukhof",266.47434,0.45,255.559245444444,146.547454,0.433333333333333,265,1,6,0.0226415094339623,0.00377358490566038,0.188679245283019,0.0566037735849057,-0.350855029940457,-0.369025820204355,0.103957163007559,-0.121952470995189,10.0190405711391,-0.403960975471736,0.0625178656026901,-0.707286810353233,-0.637404145972721,-0.467585611029944,-0.367826801988704,-0.232598254794349,-1.06823874874899,0.754716981132076,0.0376070441438601,-1.47070832517525,-1.78050824452562,1,1,1
"060k",40,0,20,6,0,8,11,4,0,0,8,13,0,1,1,0,0,0,1,60,"P","Semi-Commercial","Kimberley",262.660321,0.55,245.366943777778,177.685122,0.5,60,36,14,0.233333333333333,0.6,0.666666666666667,0.333333333333333,-0.378724629194349,-0.555237915677727,0.220110417764609,-0.158907765236155,-0.136464600747222,-0.793289254851461,-0.575962463956698,-0.707286810353233,-0.748999378153623,-0.652717363288629,0.638604838631855,-0.12441302000628,1.03897193371477,0,1.69846152125819,-0.654282976293756,0.106123007951857,0,1,1
"061b",200,300,50,0,0,0,0,0,0,0,0,0,0,1,0,0,0,0,13,150,"P","Commercial","Barkley West",253.154507,0.55,249.086721,156.175421,0.5,550,0,0,0,0,0.363636363636364,0.0909090909090909,0.0671889588679249,-0.275919772467669,0.917029946306908,-0.158907765236155,-0.136464600747222,-0.765235175472618,-0.575962463956698,0.467445608226531,-1.02713210911235,-0.210207321304455,-0.39658199172072,-0.313737180885401,1.03897193371477,0.545454545454545,0.243498095025801,-1.21826436190239,0.106123007951857,1,1,1
"068b",100,100,0,0,0,0,0,0,2,0,0,0,0,1,1,0,0,0,3.5,1224,"P","Commercial","Bloemfontein",286.71402,0.483333333333333,284.105378,215.14919,0.5,200,2,0,0,0.01,0.5,0,-0.211507033670996,-0.462131867941041,-0.24450260126359,-0.158907765236155,-0.136464600747222,-0.430456494885088,-0.575962463956698,-0.462550889815782,-0.0452068368174259,-0.526285922721722,-0.339071612256688,-0.313737180885401,-0.365835187927742,0.5,-0.302113189811343,0.328019705699639,0.106123007951857,1,1,0
"069r",0,120,0,0,0,0,0,0,0,0,0,0,1,1,0,0,0,0,1,220,"P","Commercial","Reddersburg",343.69711,0.533333333333333,275.075409777778,237.67558,0.516666666666667,120,0,0,0,0,0,0,-0.490203026209918,-0.443510658393703,-0.24450260126359,-0.158907765236155,-0.136464600747222,-0.743415335955739,-0.575962463956698,-0.707286810353233,1.62207409674249,-0.598532460188526,-0.39658199172072,-0.313737180885401,0.687770153304134,1,-0.302113189811343,0.918658536288704,0.577780821071235,1,0,0
"073b",0,30,0,0,0,0,0,0,0,0,0,0,0,0,0,0,0,0,0.5,8.5,"P","Small holder","Bloemfontein",294.35595,0.516666666666667,264.410016111111,222.1262,0.483333333333333,30,0,0,0,0,0,0,-0.490203026209918,-0.527306101356721,-0.24450260126359,-0.158907765236155,-0.136464600747222,-0.809342422496021,-0.575962463956698,-0.756233994460723,0.178390096669325,-0.67980981483868,-0.39658199172072,-0.313737180885401,0.336568372893524,1,-0.302113189811343,0.510955943037633,-0.365534805167519,1,0,0
"074b",100,0,120,0,0,0,4,5,0,0,5,8,0,1,1,0,100,1.5,3,3000,"P","Commercial","Boshof",264.688643,0.583333333333333,250.767172,172.473345,0.5,220,22,0,0,0.1,0.454545454545455,0.545454545454545,-0.211507033670996,-0.555237915677727,2.5431755129056,-0.158907765236155,-0.136464600747222,0.123144004857419,0.381758030382384,-0.511498073923272,-0.689652252581455,-0.508224288355021,0.236032182383631,-0.313737180885401,1.74137549453601,0,2.97155451921153,-0.790935048488679,0.106123007951857,0,1,1
"076b",2,42,0,0,0,0,0,0,0,0,0,0,0,0,0,0,0,0,1.5,30,"C","Small holder","Bloemfontein",348.4086,0.533333333333333,275.104728333333,238.28466,0.516666666666667,44,0,0,0,0,0.0454545454545455,0,-0.484629106359139,-0.516133375628318,-0.24450260126359,-0.158907765236155,-0.136464600747222,-0.802640614644409,-0.575962463956698,-0.658339626245743,1.75992863298575,-0.66716667078199,-0.39658199172072,-0.313737180885401,0.687770153304134,0.954545454545455,-0.302113189811343,0.934628529658045,0.577780821071235,1,1,0
"081b",16,0,0,0,0,0,0,0,0,0,0,0,0,0,0,0,0,0,1.5,1000,"C","Small holder","Barkley West",253.154507,0.55,249.086721,156.175421,0.5,16,0,0,0,0,1,0,-0.44561166740369,-0.555237915677727,-0.24450260126359,-0.158907765236155,-0.136464600747222,-0.500279981339098,-0.575962463956698,-0.658339626245743,-1.02713210911235,-0.692452958895371,-0.39658199172072,-0.313737180885401,1.03897193371477,0,-0.302113189811343,-1.21826436190239,0.106123007951857,0,1,0
"085b",0,300,0,0,0,0,0,0,0,0,0,0,0,1,0,0,50,5.5,13.5,1200,"P","Commercial","Brandfort",325.275734,0.55,269.567093777778,262.98357,0.533333333333333,300,0,0,0,0,0,0,-0.490203026209918,-0.275919772467669,-0.24450260126359,-0.158907765236155,-0.136464600747222,-0.437937582719446,2.93567934861994,0.516392792334021,1.08307894967801,-0.435977750888217,-0.39658199172072,-0.313737180885401,1.03897193371477,1,-0.302113189811343,1.5822305342058,1.04943863419058,1,0,0
"087b",200,0,0,4,0,0,0,0,0,0,0,0,0,1,1,220,0,0,1,2000,"P","Semi-Commercial","Bloemfontein",291.95763,0.5,259.635271666667,225.376996,0.483333333333333,200,0,4,0.02,0,1,0,0.0671889588679249,-0.555237915677727,-0.24450260126359,-0.158907765236155,3.58722062894443,-0.18856798824084,-0.575962463956698,-0.707286810353233,0.10821711713144,-0.526285922721722,-0.39658199172072,-0.259644563491366,-0.0146334075171093,0,-0.302113189811343,0.596191364599792,-0.365534805167519,0,1,0
"089b",60,0,0,0,0,0,0,0,0,0,0,0,0,0,0,0,50,1,3,595,"P","Commercial","Boshof",327.41098,0.566666666666667,294.232625666667,256.37255,0.533333333333333,60,0,0,0,0,1,0,-0.322985430686565,-0.555237915677727,-0.24450260126359,-0.158907765236155,-0.136464600747222,-0.626523338543893,0.0625178656026901,-0.511498073923272,1.14555458840277,-0.652717363288629,-0.39658199172072,-0.313737180885401,1.3901737141254,0,-0.302113189811343,1.40889050405446,1.04943863419058,0,1,0
"090k",200,0,0,0,0,0,0,0,0,0,0,0,0,0,0,0,0,0,6,6000,"P","Commercial","Kimberley",247.303237,0.5,244.847599444444,173.049781,0.5,200,0,0,0,0,1,0,0.0671889588679249,-0.555237915677727,-0.24450260126359,-0.158907765236155,-0.136464600747222,1.05827998415219,-0.575962463956698,-0.217814969278331,-1.19833572246696,-0.526285922721722,-0.39658199172072,-0.313737180885401,-0.0146334075171093,0,-0.302113189811343,-0.775820976284947,0.106123007951857,0,1,0
"092e",35,1500,0,0,0,0,2,0,0,100,0,0,0,0,1,0,0,0,3,2640,"P","Commercial","Edenburg",289.117737,0.45,329.443162666667,202.38703,0.533333333333333,1535,102,0,0,0.0664495114006515,0.0228013029315961,0,-0.392659428821295,0.841352800372562,-0.24450260126359,-0.158907765236155,-0.136464600747222,0.0109276873420456,-0.575962463956698,-0.511498073923272,0.0251240547466117,0.679328171255568,2.53644736094491,-0.313737180885401,-1.06823874874899,0.977198697068404,-0.302113189811343,-0.006602364600597,1.04943863419058,1,1,0
"094b",0,0,45,0,0,0,0,0,0,0,0,0,0,0,0,0,0,0,0,17.1,"P","Small holder","Bloemfontein",295.28356,0.516666666666667,264.213055,240.73865,0.5,45,0,0,0,0,0,1,-0.490203026209918,-0.555237915677727,0.800876691549858,-0.158907765236155,-0.136464600747222,-0.806661699355376,-0.575962463956698,-0.805181178568213,0.20553124445158,-0.666263589063655,-0.39658199172072,-0.313737180885401,0.336568372893524,0,5.69961094339725,0.998971808091796,0.106123007951857,0,0,1
"096b",0,40,0,0,0,0,0,0,0,0,0,0,0,1,0,0,50,1,7,80,"P","Small holder","Bloemfontein",289.80791,0.483333333333333,293.760006444444,213.37231,0.5,40,0,0,0,0,0,0,-0.490203026209918,-0.517995496583052,-0.24450260126359,-0.158907765236155,-0.136464600747222,-0.787055014989496,0.0625178656026901,-0.119920601063351,0.0453179804139961,-0.67077899765533,-0.39658199172072,-0.313737180885401,-0.365835187927742,1,-0.302113189811343,0.28143015782725,0.106123007951857,1,0,0
"097b",160,0,0,0,0,0,0,0,0,0,0,0,0,1,0,0,60,1.5,2.5,2810,"P","Small holder","Boshof",302.92314,0.516666666666667,285.197760666667,214.922327,0.516666666666667,160,0,0,0,0,1,0,-0.0442894381476436,-0.555237915677727,-0.24450260126359,-0.158907765236155,-0.136464600747222,0.0639187261687495,0.381758030382384,-0.560445258030763,0.429059418764444,-0.562409191455124,-0.39658199172072,-0.313737180885401,0.336568372893524,0,-0.302113189811343,0.32207138921289,0.577780821071235,0,1,0
"099e",5,100,0,0,0,0,0,0,0,0,0,0,0,1,0,0,0,0,10.5,3000,"P","Commercial","Edenburg",341.153269,0.483333333333333,318.605186444444,216.37905,0.533333333333333,105,0,0,0,0,0.0476190476190476,0,-0.476268226582971,-0.462131867941041,-0.24450260126359,-0.158907765236155,-0.136464600747222,0.123144004857419,-0.575962463956698,0.22270968768908,1.54764328582459,-0.612078685963552,-0.39658199172072,-0.313737180885401,-0.365835187927742,0.952380952380952,-0.302113189811343,0.360266464820309,1.04943863419058,1,1,0
"102b",30,400,0,0,30,0,0,0,0,0,0,0,0,0,1,0,35,1,9,848,"P","Semi-Commercial","Boshof",300.44603,0.516666666666667,284.199815888889,204.59124,0.5,430,0,30,0.0697674418604651,0,0.0697674418604651,0,-0.406594228448241,-0.182813724730983,-0.24450260126359,-0.158907765236155,-0.136464600747222,-0.547660204290033,0.0625178656026901,0.0758681353666098,0.356581105051892,-0.318577127504661,-0.39658199172072,0.0919574495698589,0.336568372893524,0.930232558139535,-0.302113189811343,0.051191716775634,0.106123007951857,1,1,0
"106j",300,0,0,0,0,0,0,0,0,0,0,0,0,1,0,0,0,0,0,50,"P","Commercial","Jacobsdal",248.471757,0.483333333333333,246.507822777778,167.227551,0.483333333333333,300,0,0,0,0,1,0,0.345884951406846,-0.555237915677727,-0.24450260126359,7.15824049447517,-0.136464600747222,-0.796406374782443,-0.575962463956698,-0.805181178568213,-1.1641457352886,-0.435977750888217,-0.39658199172072,-0.313737180885401,-0.365835187927742,0,-0.302113189811343,-0.928479041719336,-0.365534805167519,0,1,0
"108d",112,52,0,0,0,0,0,0,0,0,0,0,1,0,0,0,25,0.5,4.5,856,"P","Commercial","Dealesville",324.04662,0.533333333333333,272.358704888889,239.82223,0.5,164,0,0,0,0,0.682926829268293,0,-0.178063514566326,-0.50682277085465,-0.24450260126359,-0.158907765236155,-0.136464600747222,-0.545166508345247,-0.256722299177004,-0.364656521600802,1.04711602914542,-0.558796864581784,-0.39658199172072,-0.313737180885401,0.687770153304134,0.317073170731707,-0.302113189811343,0.974943402425,0.106123007951857,1,1,0
"123b",40,150,0,0,0,0,0,0,0,0,0,0,1,0,0,15,0,0,2,350,"P","Commercial","Bloemfontein",292.63233,0.5,264.591032111111,222.788536,0.483333333333333,190,0,0,0,0,0.210526315789474,0,-0.378724629194349,-0.415578844072698,-0.24450260126359,-0.158907765236155,0.117423028549936,-0.702892776852966,-0.575962463956698,-0.609392442138253,0.127958314842427,-0.535316739905072,-0.39658199172072,-0.313737180885401,-0.0146334075171093,0.789473684210526,-0.302113189811343,0.528322301362115,-0.365534805167519,1,1,0
"128p",30,400,150,2,300,0,4,0,60,20,0,0,0,0,1,0,0,0,14,3000,"P","Commercial","Philippolis",258.274447,0.45,243.291366111111,136.958522,0.4,580,84,302,0.520689655172414,0.144827586206897,0.0517241379310345,0.258620689655172,-0.406594228448241,-0.182813724730983,3.2400950414479,-0.158907765236155,-0.136464600747222,0.123144004857419,-0.575962463956698,0.565339976441512,-0.877326643263257,-0.183114869754403,2.01885394576862,3.77025543236422,-1.06823874874899,0.689655172413793,1.25005684463915,-1.72212879614632,-2.72382387076434,1,1,1
"131s",28,3200,0,0,0,0,0,0,0,0,0,0,0,1,0,0,0,0,7.5,4000,"P","Commercial","Smithfield",321.502843,0.466666666666667,381.718779111111,224.477774,0.55,3228,0,0,0,0,0.00867410161090459,0,-0.41216814829902,2.42415561189622,-0.24450260126359,-0.158907765236155,-0.136464600747222,0.434855997955677,-0.575962463956698,-0.0709734169558607,0.972687090817784,2.20824552039681,-0.39658199172072,-0.313737180885401,-0.717036968338353,0.991325898389095,-0.302113189811343,0.572613888114658,1.52109644730996,1,1,0
"132b",85,80,0,0,0,0,0,0,0,0,0,0,0,1,0,0,80,4,10,660,"P","Commercial","Brandfort",326.848233,0.533333333333333,269.662527,249.94577,0.516666666666667,165,0,0,0,0,0.515151515151515,0,-0.253311432551835,-0.480753077488378,-0.24450260126359,-0.158907765236155,-0.136464600747222,-0.606262058992506,1.97795885428086,0.17376250358159,1.12908904847648,-0.557893782863449,-0.39658199172072,-0.313737180885401,0.687770153304134,0.484848484848485,-0.302113189811343,1.24038122122427,0.577780821071235,1,1,0
"133b",4,30,0,0,0,0,0,0,0,0,0,0,0,0,0,0,0,0,0,5,"P","Commercial","Bloemfontein",295.89338,0.516666666666667,265.950191777778,244.99603,0.5,34,0,0,0,0,0.117647058823529,0,-0.479055186508361,-0.527306101356721,-0.24450260126359,-0.158907765236155,-0.136464600747222,-0.810433414471865,-0.575962463956698,-0.805181178568213,0.223374103778855,-0.67619748796534,-0.39658199172072,-0.313737180885401,0.336568372893524,0.882352941176471,-0.302113189811343,1.11059972293182,0.106123007951857,1,1,0
"138e",0,800,0,0,0,0,0,0,0,0,0,0,1,0,0,0,0,0,4.5,5000,"P","Commercial","Edenburg",336.775437,0.5,337.350164666667,208.813,0.533333333333333,800,0,0,0,0,0,0,-0.490203026209918,0.189610466215761,-0.24450260126359,-0.158907765236155,-0.136464600747222,0.746567991053935,-0.575962463956698,-0.364656521600802,1.41955132338576,0.0155631082793074,-0.39658199172072,-0.313737180885401,-0.0146334075171093,1,-0.302113189811343,0.16188568014161,1.04943863419058,1,0,0
"139b",700,0,0,0,0,0,0,0,0,0,0,0,0,1,0,0,60,2,19,3000,"P","Semi-Commercial","Bultfontein",328.419942,0.55,271.426866666667,249.8145,0.516666666666667,700,0,0,0,0,1,0,1.46066892156253,-0.555237915677727,-0.24450260126359,-0.158907765236155,-0.136464600747222,0.123144004857419,0.700998195162079,1.05481181751641,1.17507603248884,-0.0747450635541975,-0.39658199172072,-0.313737180885401,1.03897193371477,0,-0.302113189811343,1.23693933997781,0.577780821071235,0,1,0
"140t",100,4800,0,0,5,0,0,0,10,10,0,0,0,1,1,0,0,0,2.5,6000,"P","Commercial","Trompsburg",326.167651,0.483333333333333,341.031012777778,210.529587,0.516666666666667,4900,20,5,0.00102040816326531,0.00408163265306122,0.0204081632653061,0,-0.211507033670996,3.9138523756832,-0.24450260126359,-0.158907765236155,-0.136464600747222,1.05827998415219,-0.575962463956698,-0.560445258030763,1.10917574801622,3.71819815345301,0.178521802919599,-0.246121409142858,-0.365835187927742,0.979591836734694,-0.302113189811343,0.206894353892015,0.577780821071235,1,1,0
"141b",800,0,0,17,0,0,0,0,0,0,0,0,0,1,1,0,50,2,16,1700,"P","Commercial","Bultfontein",351.200181,0.533333333333333,302.418730444444,254.063674,0.5,800,0,17,0.02125,0,1,0,1.73936491410145,-0.555237915677727,-0.24450260126359,-0.158907765236155,-0.136464600747222,-0.282081586170317,0.700998195162079,0.761128712871472,1.84160812379238,0.0155631082793074,-0.39658199172072,-0.0838435569607537,0.687770153304134,0,-0.302113189811343,1.34835209463266,0.106123007951857,0,1,0
"143k",550,0,400,0,0,0,0,0,0,0,0,0,1,0,0,0,10,1.5,47.5,15000,"P","Commercial","Kimberley",264.628407,0.55,257.767052888889,155.605387,0.516666666666667,950,0,0,0,0,0.578947368421053,0.421052631578947,1.04262493275415,-0.555237915677727,9.04775777930039,7.23215108295711,-0.136464600747222,3.86368792203652,0.381758030382384,3.84480131164335,-0.691414711133878,0.151025366029565,-0.39658199172072,-0.313737180885401,1.03897193371477,0,2.22492855048701,-1.23321057455146,0.577780821071235,0,1,1
"145b",15,62,0,0,3,0,0,0,1,2,0,0,0,1,1,0,0,0,0,0,"C","Small holder","Bloemfontein",296.96453,0.516666666666667,263.914487444444,247.19244,0.5,77,3,3,0.038961038961039,0.038961038961039,0.194805194805195,0,-0.448398627329079,-0.497512166080981,-0.24450260126359,-0.158907765236155,-0.136464600747222,-0.811991974437356,-0.575962463956698,-0.805181178568213,0.254715120420507,-0.637364974076933,-0.310316422524672,-0.273167717839875,0.336568372893524,0.805194805194805,-0.302113189811343,1.16818928938673,0.106123007951857,1,1,0
"146b",20,250,120,0,15,15,0,0,8,0,4,0,0,1,1,0,0,0,3,428,"P","Commercial","Boshof",264.43683,0.483333333333333,273.380117,195.395599,0.5,390,12,30,0.0769230769230769,0.0307692307692308,0.0512820512820513,0.307692307692308,-0.434463827702133,-0.322472796336012,2.5431755129056,-0.158907765236155,-0.136464600747222,-0.678579241391302,-0.575962463956698,-0.511498073923272,-0.697020105285171,-0.354700396238063,-0.0515197149365286,0.0919574495698589,-0.365835187927742,0.641025641025641,1.54457115886822,-0.189916718564288,0.106123007951857,1,1,1
"151b",1400,0,0,160,0,0,80,80,0,0,0,0,0,1,1,0,10,7,40,9500,"P","Commercial","Bultfontein",323.125946,0.55,282.247186333333,257.48242,0.533333333333333,1400,160,160,0.114285714285714,0.114285714285714,1,0,3.41154086933498,-0.555237915677727,-0.24450260126359,-0.158907765236155,-0.136464600747222,2.1492719599961,3.89339984295902,3.110593550031,1.02017782333341,0.557412139280337,4.20424836540184,1.84996751487599,1.03897193371477,0,-0.302113189811343,1.43799114196874,1.04943863419058,0,1,0
"152f",80,1200,0,8,120,0,0,0,140,0,0,0,0,1,1,0,0,0,16,723,"P","Commercial","Fauresmith",266.9112,0.466666666666667,262.111225444444,137.99412,0.45,1280,140,128,0.1,0.109375,0.0625,0,-0.267246232178781,0.562034657162505,-0.24450260126359,-0.158907765236155,-0.136464600747222,-0.586624203427316,-0.575962463956698,0.761128712871472,-0.624621961843446,0.449042333080131,3.62914457076152,1.41722657572371,-0.717036968338353,0.9375,-0.302113189811343,-1.69497555980084,-1.30885043140624,1,1,0
"154b",200,800,0,0,0,0,0,0,0,0,0,0,0,1,0,0,10,1.5,8,2300,"P","Commercial","Bloemfontein",351.50939,0.533333333333333,275.804500777778,240.74863,0.516666666666667,1000,0,0,0,0,0.2,0,0.0671889588679249,0.189610466215761,-0.24450260126359,-0.158907765236155,-0.136464600747222,-0.0950543903113622,0.381758030382384,-0.0220262328483705,1.8506553388554,0.196179451946317,-0.39658199172072,-0.313737180885401,0.687770153304134,0.8,-0.302113189811343,0.999233482311645,0.577780821071235,1,1,0
"160b",50,400,0,2,18,0,0,2,7,0,0,0,0,1,1,0,100,1,2,770,"P","Commercial","Boshof",300.44603,0.516666666666667,284.199815888889,204.59124,0.5,450,9,20,0.0444444444444444,0.02,0.111111111111111,0,-0.350855029940457,-0.182813724730983,-0.24450260126359,-0.158907765236155,-0.136464600747222,-0.571973739751697,0.0625178656026901,-0.609392442138253,0.356581105051892,-0.30051549313796,-0.137785284132577,-0.0432740939152277,0.336568372893524,0.888888888888889,-0.302113189811343,0.051191716775634,0.106123007951857,1,1,0
"161t",20,3000,0,0,0,0,0,0,0,0,0,0,0,1,0,0,0,0,15.5,1500,"P","Commercial","Trompsburg",257.90757,0.383333333333333,337.381893333333,182.17417,0.466666666666667,3020,0,0,0,0,0.00662251655629139,0,-0.434463827702133,2.23794351642285,-0.24450260126359,-0.158907765236155,-0.136464600747222,-0.344423984789969,-0.575962463956698,0.712181528763982,-0.888061179194209,2.02040452298312,-0.39658199172072,-0.313737180885401,-2.47304587039149,0.993377483443709,-0.302113189811343,-0.53658075853147,-0.837192618286868,1,1,0
"175s",0,1000,0,0,12,0,0,0,0,0,0,0,0,1,1,0,50,1,3.5,1200,"P","Commercial","Smithfield",341.857383,0.5,338.747216777778,229.595817,0.566666666666667,1000,0,12,0.012,0,0,0,-0.490203026209918,0.375822561689133,-0.24450260126359,-0.158907765236155,-0.136464600747222,-0.437937582719446,0.0625178656026901,-0.462550889815782,1.56824511431884,0.196179451946317,-0.39658199172072,-0.151459328703297,-0.0146334075171093,1,-0.302113189811343,0.706808267792208,1.99275426042933,1,0,0
"185b",110,0,0,0,0,0,0,0,0,0,0,0,0,1,0,0,0,0,5,980,"P","Semi-Commercial","Bloemfontein",352.25619,0.533333333333333,269.917321888889,243.338,0.516666666666667,110,0,0,0,0,1,0,-0.183637434417104,-0.555237915677727,-0.24450260126359,-0.158907765236155,-0.136464600747222,-0.506514221201063,-0.575962463956698,-0.315709337493312,1.87250612653965,-0.607563277371876,-0.39658199172072,-0.313737180885401,0.687770153304134,0,-0.302113189811343,1.06712640562348,0.577780821071235,0,1,0
"186b",0,5,0,0,0,0,0,0,0,0,0,0,0,1,0,0,0,0,0,1,"C","Small holder","Boshof",260.354684,0.533333333333333,271.006554333333,185.432035,0.483333333333333,5,0,0,0,0,0,0,-0.490203026209918,-0.550582613290892,-0.24450260126359,-0.158907765236155,-0.136464600747222,-0.811680262444258,-0.575962463956698,-0.805181178568213,-0.81646052513267,-0.702386857797057,-0.39658199172072,-0.313737180885401,0.687770153304134,1,-0.302113189811343,-0.451159988766894,-0.365534805167519,1,0,0
"196k",55,45,63,0,0,0,0,0,0,0,0,0,0,0,0,0,90,0.5,4,2654,"P","Small holder","Kimberley",264.794942,0.55,246.826036,171.943962,0.5,163,0,0,0,0,0.337423312883436,0.386503067484663,-0.336920230313511,-0.513340194196218,1.21902840867524,0.0997792944506091,-0.136464600747222,0.0152916552454212,-0.256722299177004,-0.413603705708292,-0.686542026443202,-0.559699946300119,-0.39658199172072,-0.313737180885401,1.03897193371477,0.276073619631902,2.01757159787051,-0.804815397539447,0.106123007951857,1,1,1
"202m",50,70,0,0,0,0,0,0,0,0,0,0,1,0,0,0,0,0,4,150,"P","Commercial","Kimberley",263.189311,0.533333333333333,248.768492111111,178.469327,0.516666666666667,120,0,0,0,0,0.416666666666667,0,-0.350855029940457,-0.490063682262046,-0.24450260126359,-0.158907765236155,-0.136464600747222,-0.765235175472618,-0.575962463956698,-0.413603705708292,-0.733521541815793,-0.598532460188526,-0.39658199172072,-0.313737180885401,0.687770153304134,0.583333333333333,-0.302113189811343,-0.633721229642735,0.577780821071235,1,1,0
"203b",30,200,0,0,0,0,0,0,0,0,0,0,0,1,0,0,0,0.5,0.5,260,"P","Semi-Commercial","Bloemfontein",291.33135,0.5,259.362615111111,212.691216,0.466666666666667,230,0,0,0,0,0.130434782608696,0,-0.406594228448241,-0.369025820204355,-0.24450260126359,-0.158907765236155,-0.136464600747222,-0.730946856231809,-0.256722299177004,-0.756233994460723,0.0898926509947334,-0.499193471171671,-0.39658199172072,-0.313737180885401,-0.0146334075171093,0.869565217391304,-0.302113189811343,0.263571967336842,-0.837192618286868,1,1,0
"205t",100,0,0,10,0,0,0,0,0,0,0,0,0,1,1,0,0,0,4,700,"P","Commercial","Trompsburg",272.66765,0.433333333333333,329.281873777778,187.95674,0.483333333333333,100,0,10,0.1,0,1,0,-0.211507033670996,-0.555237915677727,-0.24450260126359,-0.158907765236155,-0.136464600747222,-0.593793579268575,-0.575962463956698,-0.413603705708292,-0.456192708007073,-0.616594094555227,-0.39658199172072,-0.178505637400314,-1.41944052915962,0,-0.302113189811343,-0.384962572812436,-0.365534805167519,0,1,0
"206b",0,30,0,0,0,0,0,0,0,0,0,0,1,0,0,0,25,1,6.5,350,"P","Commercial","Bultfontein",307.367549,0.566666666666667,253.226947666667,286.7819,0.55,30,0,0,0,0,0,0,-0.490203026209918,-0.527306101356721,-0.24450260126359,-0.158907765236155,-0.136464600747222,-0.702892776852966,0.0625178656026901,-0.168867785170841,0.559099372488296,-0.67980981483868,-0.39658199172072,-0.313737180885401,1.3901737141254,1,-0.302113189811343,2.20621945569623,1.52109644730996,1,0,0
"208k",30,30,50,0,0,0,0,0,0,0,0,0,0,0,0,0,0,0,0,0,"C","Small holder","Kimberley",262.660321,0.55,245.366943777778,177.685122,0.5,110,0,0,0,0,0.272727272727273,0.454545454545455,-0.406594228448241,-0.527306101356721,0.917029946306908,-0.158907765236155,-0.136464600747222,-0.811991974437356,-0.575962463956698,-0.805181178568213,-0.748999378153623,-0.607563277371876,-0.39658199172072,-0.313737180885401,1.03897193371477,0.272727272727273,2.42594323437438,-0.654282976293756,0.106123007951857,1,1,1
"209p",20,150,0,0,50,0,0,0,0,50,0,0,0,1,1,0,0,0,6,2155,"P","Commercial","Petrusburg",218.762981,0.383333333333333,232.300801444444,134.58493,0.416666666666667,170,50,50,0.294117647058824,0.294117647058824,0.117647058823529,0,-0.434463827702133,-0.415578844072698,-0.24450260126359,-0.158907765236155,-0.136464600747222,-0.14025262931061,-0.575962463956698,-0.217814969278331,-2.03340143525507,-0.553378374271773,1.04117749488008,0.362420536540032,-2.47304587039149,0.882352941176471,-0.302113189811343,-1.78436405013844,-2.25216605764497,1,1,0
"211b",1300,160,0,0,0,0,0,0,0,0,0,0,1,1,0,0,30,0.5,26.5,11000,"P","Semi-Commercial","Boshof",255.890241,0.516666666666667,268.161782888889,181.760785,0.483333333333333,1460,0,0,0,0,0.89041095890411,0,3.13284487679606,-0.406268239299029,-0.24450260126359,-0.158907765236155,-0.136464600747222,2.61683994964349,-0.256722299177004,1.78901957912877,-0.947086658128705,0.61159704238044,-0.39658199172072,-0.313737180885401,0.336568372893524,0.10958904109589,-0.302113189811343,-0.54741965606379,-0.365534805167519,1,1,0
"214p",500,0,0,0,0,0,1,0,0,0,0,0,0,1,1,0,15,1.5,7,5000,"P","Commercial","Petrusburg",285.17931,0.483333333333333,267.469825111111,202.78602,0.5,500,1,0,0,0.002,1,0,0.903276936484689,-0.555237915677727,-0.24450260126359,-0.158907765236155,-0.136464600747222,0.746567991053935,0.381758030382384,-0.119920601063351,-0.090111258840587,-0.255361407221207,-0.367826801988704,-0.313737180885401,-0.365835187927742,0,-0.302113189811343,0.00385909802243002,0.106123007951857,0,1,0
"217k",200,0,0,0,0,0,0,0,0,0,0,0,0,0,0,0,0,0,2,3000,"P","Commercial","Kimberley",264.936047,0.55,247.500709333333,158.832618,0.5,200,0,0,0,0,1,0,0.0671889588679249,-0.555237915677727,-0.24450260126359,-0.158907765236155,-0.136464600747222,0.123144004857419,-0.575962463956698,-0.609392442138253,-0.682413403791641,-0.526285922721722,-0.39658199172072,-0.313737180885401,1.03897193371477,0,-0.302113189811343,-1.14859302403046,0.106123007951857,0,1,0
"222p",60,1500,0,0,0,0,0,0,0,0,0,0,0,0,0,0,25,1.5,18,6780,"P","Commercial","Philippolis",238.4375,0.366666666666667,269.320976666667,143.34984,0.4,1560,0,0,0,0,0.0384615384615385,0,-0.322985430686565,0.841352800372562,-0.24450260126359,-0.158907765236155,-0.136464600747222,1.30141533876883,0.381758030382384,0.956917449301433,-1.45774029779022,0.701905214213945,-0.39658199172072,-0.313737180885401,-2.82424765080211,0.961538461538462,-0.302113189811343,-1.55454932205203,-2.72382387076434,1,1,0
"227b",50,0,0,0,0,0,0,0,0,0,0,0,0,1,0,0,0,0,4.5,600,"P","Commercial","Bloemfontein",294.22747,0.516666666666667,280.372818444444,220.064816,0.483333333333333,50,0,0,0,0,1,0,-0.350855029940457,-0.555237915677727,-0.24450260126359,-0.158907765236155,-0.136464600747222,-0.624964778578401,-0.575962463956698,-0.364656521600802,0.174630871707256,-0.661748180471979,-0.39658199172072,-0.313737180885401,0.336568372893524,0,-0.302113189811343,0.456906739629763,-0.365534805167519,0,1,0
"229p",90,600,0,0,15,0,1,0,50,0,0,0,0,1,1,0,45,1.5,9,2237,"P","Commercial","Petrusburg",255.740993,0.466666666666667,251.336627333333,174.839999,0.466666666666667,690,51,15,0.0217391304347826,0.0739130434782609,0.130434782608696,0,-0.239376632924888,0.00339837074238901,-0.24450260126359,-0.158907765236155,-0.136464600747222,-0.114692245876553,0.381758030382384,0.0758681353666098,-0.951453538632587,-0.083775880737548,1.06993268461209,-0.110889865657771,-0.717036968338353,0.869565217391304,-0.302113189811343,-0.728881707897092,-0.837192618286868,1,1,0
"237b",1430,0,0,0,140,0,0,0,50,100,0,0,0,1,1,0,20,6,28,3700,"P","Commercial","Boshof",302.69581,0.516666666666667,288.641250888889,219.272867,0.516666666666667,1430,150,140,0.0979020979020979,0.104895104895105,1,0,3.49514966709666,-0.555237915677727,-0.24450260126359,-0.158907765236155,-0.136464600747222,0.341342400026199,3.25491951339963,1.93586113145124,0.422407919615729,0.584504590830388,3.91669646808168,1.57950442790581,0.336568372893524,0,-0.302113189811343,0.436141946369672,0.577780821071235,0,1,0
"240b",130,40,40,0,0,0,0,0,0,0,0,0,1,0,0,0,0,0,3.5,3500,"P","Commercial","Boshof",254.317891,0.533333333333333,264.603243666667,185.178377,0.5,210,0,0,0,0,0.619047619047619,0.19047619047619,-0.12789823590932,-0.517995496583052,0.684723436792808,3.53662165886048,-0.136464600747222,0.279000001406548,-0.575962463956698,-0.462550889815782,-0.993092397302957,-0.517255105538372,-0.39658199172072,-0.313737180885401,0.687770153304134,0.19047619047619,0.841072359371246,-0.457810866448119,0.106123007951857,1,1,1
"242j",35,1900,0,0,0,0,0,0,0,0,0,0,1,0,0,0,0,0,10,2860,"P","Commercial","Jagersfontein",274.1421,0.45,298.092853333333,183.65427,0.466666666666667,1935,0,0,0,0,0.0180878552971576,0,-0.392659428821295,1.21377699131931,-0.24450260126359,-0.158907765236155,-0.136464600747222,0.0795043258236624,-0.575962463956698,0.17376250358159,-0.413051446757683,1.04056085858959,-0.39658199172072,-0.313737180885401,-1.06823874874899,0.981912144702842,-0.302113189811343,-0.497772741216895,-0.837192618286868,1,1,0
"245k",2,0,50,0,0,0,0,0,0,0,0,0,0,0,0,0,50,1,2.5,90,"P","Semi-Commercial","Kimberley",267.405162,0.55,243.738465777778,172.343022,0.516666666666667,52,0,0,0,0,0.0384615384615385,0.961538461538462,-0.484629106359139,-0.555237915677727,0.917029946306908,-0.158907765236155,-0.136464600747222,-0.783937895058513,0.0625178656026901,-0.560445258030763,-0.610169017566414,-0.659942017035309,-0.39658199172072,-0.313737180885401,1.03897193371477,0,5.4687753998123,-0.794352099526101,0.577780821071235,0,1,1
"246b",80,0,0,0,0,0,0,0,0,0,0,0,1,0,0,0,50,5,12.5,1500,"P","Commercial","Bultfontein",330.315733,0.533333333333333,286.663850222222,266.58,0.516666666666667,80,0,0,0,0,1,0,-0.267246232178781,-0.555237915677727,-0.24450260126359,-0.158907765236155,-0.136464600747222,-0.344423984789969,2.61643918384024,0.418498424119041,1.23054540398685,-0.634655728921928,-0.39658199172072,-0.313737180885401,0.687770153304134,0,-0.302113189811343,1.67652843144968,0.577780821071235,0,1,0
"248j",30,1400,0,0,0,0,0,0,0,0,0,0,1,0,0,0,50,1.5,5,3569,"P","Commercial","Jagersfontein",250.62744,0.416666666666667,288.081877777778,168.91075,0.433333333333333,1430,0,0,0,0,0.020979020979021,0,-0.406594228448241,0.748246752635876,-0.24450260126359,-0.158907765236155,-0.136464600747222,0.300508128930328,0.381758030382384,-0.315709337493312,-1.10107212582482,0.584504590830388,-0.39658199172072,-0.313737180885401,-1.77064230957023,0.979020979020979,-0.302113189811343,-0.88434579671165,-1.78050824452562,1,1,0
"249k",110,20,45,10,7,0,40,7,3,2,0,0,0,1,1,0,0,0,1.5,1000,"C","Small holder","Kimberley",264.252191,0.55,246.346903111111,176.236637,0.5,175,52,17,0.0971428571428571,0.297142857142857,0.628571428571429,0.257142857142857,-0.183637434417104,-0.536616706130389,0.800876691549858,-0.158907765236155,-0.136464600747222,-0.500279981339098,-0.575962463956698,-0.658339626245743,-0.702422498947774,-0.548862965680098,1.09868787434411,-0.0838435569607537,1.03897193371477,0.114285714285714,1.24118730158515,-0.692262052680421,0.106123007951857,1,1,1
"253h",0,100,0,0,0,0,0,0,0,0,0,0,0,0,0,0,0,0,56.5,1100,"P","Commercial","Herbert",252.994867,0.5,251.475389222222,154.67279,0.466666666666667,100,0,0,0,0,0,0,-0.490203026209918,-0.462131867941041,-0.24450260126359,-0.158907765236155,-0.136464600747222,-0.469108782029272,-0.575962463956698,4.72585062557818,-1.03180305146092,-0.616594094555227,-0.39658199172072,-0.313737180885401,-0.0146334075171093,1,-0.302113189811343,-1.25766313892112,-0.837192618286868,1,0,0
"255t",84,517,64,0,0,0,0,0,0,0,0,0,0,0,0,0,0,0,1.5,886,"P","Semi-Commercial","Trompsburg",272.66765,0.433333333333333,329.281873777778,187.95674,0.483333333333333,665,0,0,0,0,0.126315789473684,0.0962406015037594,-0.256098392477224,-0.0738796488790603,1.24225905962665,-0.158907765236155,-0.136464600747222,-0.5358151485523,-0.575962463956698,-0.658339626245743,-0.456192708007073,-0.106352923695924,-0.39658199172072,-0.313737180885401,-1.41944052915962,0.777443609022556,0.275496350828281,-0.384962572812436,-0.365534805167519,1,1,1
"257b",60,300,0,1,2,0,0,0,0,0,0,0,0,1,1,0,0,0,8.5,935,"P","Semi-Commercial","Bloemfontein",291.42875,0.5,267.512418555556,220.270576,0.483333333333333,360,0,3,0.00833333333333333,0,0.166666666666667,0,-0.322985430686565,-0.275919772467669,-0.24450260126359,-0.158907765236155,-0.136464600747222,-0.520541260890485,-0.575962463956698,0.0269209512591196,0.0927424993081317,-0.381792847788114,-0.39658199172072,-0.273167717839875,-0.0146334075171093,0.833333333333333,-0.302113189811343,0.46230173837488,-0.365534805167519,1,1,0
"258j",20,1500,0,0,0,0,0,0,0,0,0,0,0,0,0,0,0,0,15,8500,"P","Commercial","Jagersfontein",280.42883,0.45,321.525426111111,180.35663,0.466666666666667,1520,0,0,0,0,0.0131578947368421,0,-0.434463827702133,0.841352800372562,-0.24450260126359,-0.158907765236155,-0.136464600747222,1.83755996689784,-0.575962463956698,0.663234344656492,-0.229106612185898,0.665781945480543,-0.39658199172072,-0.313737180885401,-1.06823874874899,0.986842105263158,-0.302113189811343,-0.584236405980922,-0.837192618286868,1,1,0
"259e",20,2000,0,0,0,0,0,0,0,0,0,0,0,0,0,0,0,0,2,2095,"P","Semi-Commercial","Edenburg",288.016212,0.45,322.701184555556,205.59099,0.533333333333333,2020,0,0,0,0,0.0099009900990099,0,-0.434463827702133,1.30688303905599,-0.24450260126359,-0.158907765236155,-0.136464600747222,-0.158955348896505,-0.575962463956698,-0.609392442138253,-0.00710571079154281,1.11732280464807,-0.39658199172072,-0.313737180885401,-1.06823874874899,0.99009900990099,-0.302113189811343,0.0774050235185884,1.04943863419058,1,1,0
"263p",30,800,0,0,0,0,0,0,0,0,0,0,1,0,0,0,0,0,8,3700,"P","Commercial","Philippolis",238.97271,0.366666666666667,261.428982222222,138.31546,0.383333333333333,830,0,0,0,0,0.036144578313253,0,-0.406594228448241,0.189610466215761,-0.24450260126359,-0.158907765236155,-0.136464600747222,0.341342400026199,-0.575962463956698,-0.0220262328483705,-1.44208046908576,0.0426555598293588,-0.39658199172072,-0.313737180885401,-2.82424765080211,0.963855421686747,-0.302113189811343,-1.68655006943947,-3.19548168388372,1,1,0
"275b",0,250,0,0,0,0,0,0,0,0,0,0,0,0,0,0,17.5,3,29,8000,"P","Commercial","Boshof",281.550228,0.55,264.882107333333,195.93577,0.533333333333333,250,0,0,0,0,0,0,-0.490203026209918,-0.322472796336012,-0.24450260126359,-0.158907765236155,-0.136464600747222,1.68170397034871,1.33947852472147,2.03375549966622,-0.196295378110452,-0.48113183680497,-0.39658199172072,-0.313737180885401,1.03897193371477,1,-0.302113189811343,-0.17575350964541,1.04943863419058,1,0,0
"279b",800,0,0,0,0,0,0,0,0,0,0,0,1,1,0,0,0,0,0.5,9000,"P","Commercial","Bloemfontein",294.51427,0.5,281.797486555556,217.231676,0.483333333333333,800,0,0,0,0,1,0,1.73936491410145,-0.555237915677727,-0.24450260126359,-0.158907765236155,-0.136464600747222,1.99341596344697,-0.575962463956698,-0.756233994460723,0.183022416843629,0.0155631082793074,-0.39658199172072,-0.313737180885401,-0.0146334075171093,0,-0.302113189811343,0.382622200629279,-0.365534805167519,0,1,0
"281h",1500,1000,0,5,15,0,0,0,0,30,0,0,0,1,1,0,65,4,38,13600,"P","Commercial","Herbert",311.370724,0.533333333333333,289.735642333333,221.477171,0.516666666666667,2500,30,20,0.008,0.012,0.6,0,3.6902368618739,0.375822561689133,-0.24450260126359,-0.158907765236155,-0.136464600747222,3.42729113169896,1.97795885428086,2.91480481360104,0.676229162241778,1.55080202944889,0.466073700239759,-0.0432740939152277,0.687770153304134,0.4,-0.302113189811343,0.493938492412904,0.577780821071235,1,1,0
"282e",15,140,0,0,0,0,0,0,0,0,0,0,0,1,0,0,0,0,4,1200,"P","Commercial","Edenburg",291.01771,0.466666666666667,295.042192111111,211.77455,0.533333333333333,155,0,0,0,0,0.0967741935483871,0,-0.448398627329079,-0.424889448846366,-0.24450260126359,-0.158907765236155,-0.136464600747222,-0.437937582719446,-0.575962463956698,-0.413603705708292,0.0807157883149161,-0.566924600046799,-0.39658199172072,-0.313737180885401,-0.717036968338353,0.903225806451613,-0.302113189811343,0.239537111584067,1.04943863419058,1,1,0
"283p",150,0,0,0,0,0,0,0,0,0,0,0,0,0,0,0,0,0,1,834,"P","Commercial","Petrusburg",271.26816,0.483333333333333,261.425014555556,185.666634,0.5,150,0,0,0,0,1,0,-0.0721590374015357,-0.555237915677727,-0.24450260126359,-0.158907765236155,-0.136464600747222,-0.552024172193409,-0.575962463956698,-0.707286810353233,-0.497140697905614,-0.571440008638474,-0.39658199172072,-0.313737180885401,-0.365835187927742,0,-0.302113189811343,-0.44500883542997,0.106123007951857,0,1,0
"284p",0,120,0,0,0,0,0,0,0,0,0,0,0,0,0,0,50,1,8,1216,"P","Commercial","Petrusburg",274.2475,0.466666666666667,276.934794222222,197.631984,0.516666666666667,120,0,0,0,0,0,0,-0.490203026209918,-0.443510658393703,-0.24450260126359,-0.158907765236155,-0.136464600747222,-0.432950190829874,0.0625178656026901,-0.0220262328483705,-0.409967524660844,-0.598532460188526,-0.39658199172072,-0.313737180885401,-0.717036968338353,1,-0.302113189811343,-0.13127901313759,0.577780821071235,1,0,0
"288p",0,3000,0,0,0,0,0,0,0,0,0,0,1,1,0,0,5,0.5,33,7500,"P","Small holder","Philippolis",202.842552,0.383333333333333,217.146892666667,125.664494,0.4,3000,0,0,0,0,0,0,-0.490203026209918,2.23794351642285,-0.24450260126359,-0.158907765236155,-0.136464600747222,1.52584797379958,-0.256722299177004,2.42533297252614,-2.49922081651001,2.00234288861642,-0.39658199172072,-0.313737180885401,-2.47304587039149,1,-0.302113189811343,-2.01825664843691,-2.72382387076434,1,0,0
"290p",50,0,0,7,0,0,3,12,0,0,0,0,0,0,1,0,50,0.5,0.5,8,"P","Commercial","Petrusburg",267.953407,0.483333333333333,262.299201777778,181.245892,0.466666666666667,50,15,7,0.14,0.3,1,0,-0.350855029940457,-0.555237915677727,-0.24450260126359,-0.158907765236155,-0.136464600747222,-0.80949827849257,-0.256722299177004,-0.756233994460723,-0.594127794891063,-0.661748180471979,0.0347458542595193,-0.21907510044584,-0.365835187927742,0,-0.302113189811343,-0.560920079318403,-0.837192618286868,0,1,0
"291j",52,230,0,0,0,0,0,0,0,0,0,0,1,0,0,0,50,4,7,1600,"P","Commercial","Jacobsdal",270.60126,0.466666666666667,269.864566888889,152.802606,0.466666666666667,282,0,0,0,0,0.184397163120567,0,-0.345281110089678,-0.341094005883349,-0.24450260126359,-0.158907765236155,-0.136464600747222,-0.313252785480143,1.97795885428086,-0.119920601063351,-0.516653673677744,-0.452233221818248,-0.39658199172072,-0.313737180885401,-0.717036968338353,0.815602836879433,-0.302113189811343,-1.30669910477034,-0.837192618286868,1,1,0
"293b",0,100,0,0,0,0,0,0,0,0,0,0,0,1,0,0,0,0,3,40,"P","Small holder","Bloemfontein",296.20727,0.516666666666667,264.231675555556,232.87437,0.483333333333333,100,0,0,0,0,0,0,-0.490203026209918,-0.462131867941041,-0.24450260126359,-0.158907765236155,-0.136464600747222,-0.799523494713426,-0.575962463956698,-0.511498073923272,0.232558281264406,-0.616594094555227,-0.39658199172072,-0.313737180885401,0.336568372893524,1,-0.302113189811343,0.792771474055806,-0.365534805167519,1,0,0
"295j",30,50,0,0,0,0,0,0,0,0,0,0,1,0,0,0,0,0,1,350,"P","Commercial","Jacobsdal",249.519937,0.466666666666667,243.392053888889,170.106294,0.466666666666667,80,0,0,0,0,0.375,0,-0.406594228448241,-0.508684891809384,-0.24450260126359,-0.158907765236155,-0.136464600747222,-0.702892776852966,-0.575962463956698,-0.707286810353233,-1.13347680299766,-0.634655728921928,-0.39658199172072,-0.313737180885401,-0.717036968338353,0.625,-0.302113189811343,-0.852998798365365,-0.837192618286868,1,1,0
"301j",0,500,0,0,20,0,0,0,20,15,0,0,0,1,1,0,0,0,2,71,"P","Commercial","Jacobsdal",262.942229,0.5,247.888991555556,175.072563,0.483333333333333,500,35,20,0.04,0.07,0,0,-0.490203026209918,-0.0897076769942969,-0.24450260126359,-0.158907765236155,-0.136464600747222,-0.78986042292738,-0.575962463956698,-0.609392442138253,-0.740750969135825,-0.255361407221207,0.609849648899839,-0.0432740939152277,-0.0146334075171093,1,-0.302113189811343,-0.722783911978744,-0.365534805167519,1,0,0
"302t",120,5000,0,0,0,0,0,0,0,0,0,0,0,1,0,0,0,0,44.5,7850,"P","Commercial","Trompsburg",312.40244,0.433333333333333,350.243783,201.00578,0.516666666666667,5120,0,0,0,0,0.0234375,0,-0.155767835163212,4.10006447115657,-0.24450260126359,-0.158907765236155,-0.136464600747222,1.63494717138397,-0.575962463956698,3.55111820699841,0.706416370686401,3.91687613148672,-0.39658199172072,-0.313737180885401,-1.41944052915962,0.9765625,-0.302113189811343,-0.0428185485852994,0.577780821071235,1,1,0
"304e",60,1200,6,0,0,0,0,0,0,0,0,0,0,1,0,0,0,0,11,1850,"P","Commercial","Edenburg",268.18058,0.45,334.348991222222,193.163417,0.5,1266,0,0,0,0,0.0473933649289099,0.004739336492891,-0.322985430686565,0.562034657162505,-0.10511869555513,-0.158907765236155,-0.136464600747222,-0.235324787205578,-0.575962463956698,0.27165687179657,-0.587480889440347,0.43639918902344,-0.39658199172072,-0.313737180885401,-1.06823874874899,0.947867298578199,-0.273668999606563,-0.248444221912226,0.106123007951857,1,1,1
"315r",400,2000,0,0,30,0,2,0,0,0,0,0,0,1,1,0,0,0,13,4000,"P","Commercial","Reddersburg",343.79443,0.533333333333333,288.703760666667,227.27113,0.516666666666667,2400,2,30,0.0125,0.000833333333333333,0.166666666666667,0,0.624580943945767,1.30688303905599,-0.24450260126359,-0.158907765236155,-0.136464600747222,0.434855997955677,-0.575962463956698,0.467445608226531,1.62492160431805,1.46049385761539,-0.339071612256688,0.0919574495698589,0.687770153304134,0.833333333333333,-0.302113189811343,0.645855296136935,0.577780821071235,1,1,0
"317p",150,3000,0,0,0,0,0,0,0,0,0,0,0,1,0,0,100,6,13.5,10000,"P","Commercial","Philippolis",233.23856,0.4,272.933161111111,137.72937,0.416666666666667,3150,0,0,0,0,0.0476190476190476,0,-0.0721590374015357,2.23794351642285,-0.24450260126359,-0.158907765236155,-0.136464600747222,2.30512795654523,3.25491951339963,0.516392792334021,-1.60985724225079,2.13780514636667,-0.39658199172072,-0.313737180885401,-2.12184408998086,0.952380952380952,-0.302113189811343,-1.70191726818814,-2.25216605764497,1,1,0
"319t",0,900,0,0,0,0,0,0,0,0,0,0,1,0,0,0,0,0,17,12000,"P","Commercial","Trompsburg",270.09989,0.433333333333333,315.015803,178.17318,0.45,900,0,0,0,0,0,0,-0.490203026209918,0.282716513952447,-0.24450260126359,-0.158907765236155,-0.136464600747222,2.92855194274174,-0.575962463956698,0.859023081086453,-0.531323370278244,0.105871280112812,-0.39658199172072,-0.313737180885401,-1.41944052915962,1,-0.302113189811343,-0.641486163028087,-1.30885043140624,1,0,0
"320f",300,100,0,0,0,0,0,0,0,0,0,0,1,0,0,0,10,0.5,8.5,3500,"P","Commercial","Fauresmith",263.08099,0.466666666666667,295.377329333333,196.043873,0.516666666666667,400,0,0,0,0,0.75,0,0.345884951406846,-0.462131867941041,-0.24450260126359,-0.158907765236155,-0.136464600747222,0.279000001406548,-0.256722299177004,0.0269209512591196,-0.736690930102812,-0.345669579054712,-0.39658199172072,-0.313737180885401,-0.717036968338353,0.25,-0.302113189811343,-0.172919063935149,0.577780821071235,1,1,0
"321h",30,550,0,0,0,0,0,0,0,0,0,0,0,0,0,0,7.5,2.5,10,6000,"P","Commercial","Hopetown",224.618084,0.416666666666667,230.919493444444,128.9836,0.366666666666667,580,0,0,0,0,0.0517241379310345,0,-0.406594228448241,-0.0431546531259539,-0.24450260126359,-0.158907765236155,-0.136464600747222,1.05827998415219,1.02023835994177,0.17376250358159,-1.86208567129897,-0.183114869754403,-0.39658199172072,-0.313737180885401,-1.77064230957023,0.948275862068966,-0.302113189811343,-1.93123014812145,-3.66713949700307,1,1,0
"322b",12,0,25,0,0,0,0,0,0,0,0,0,0,0,0,0,0,0,1,0,"C","Small holder","Barkley West",262.029231,0.566666666666667,245.279439444444,168.157098,0.516666666666667,37,0,0,0,0,0.324324324324324,0.675675675675676,-0.456759507105247,-0.555237915677727,0.336263672521659,-0.158907765236155,-0.136464600747222,-0.811991974437356,-0.575962463956698,-0.707286810353233,-0.767464581152624,-0.673488242810335,-0.39658199172072,-0.313737180885401,1.3901737141254,0,3.75310581911338,-0.904106447927895,0.577780821071235,0,1,1
"324ba",200,100,0,0,0,0,0,0,0,0,0,0,1,0,0,0,0,0,4,3600,"P","Commercial","Barkley West",250.29284,0.55,248.476420555556,167.359936,0.516666666666667,300,0,0,0,0,0.666666666666667,0,0.0671889588679249,-0.462131867941041,-0.24450260126359,-0.158907765236155,-0.136464600747222,0.310171200716374,-0.575962463956698,-0.413603705708292,-1.11086226181726,-0.435977750888217,-0.39658199172072,-0.313737180885401,1.03897193371477,0.333333333333333,-0.302113189811343,-0.925007925327072,0.577780821071235,1,1,0
"325b",70,0,0,0,0,0,0,0,0,0,0,0,1,0,0,0,2.5,0.5,3.5,840,"P","Commercial","Boshof",359.752521,0.566666666666667,289.539377,219.836799,0.533333333333333,70,0,0,0,0,1,0,-0.295115831432673,-0.555237915677727,-0.24450260126359,-0.158907765236155,-0.136464600747222,-0.550153900234819,-0.256722299177004,-0.462550889815782,2.09184294642699,-0.643686546105278,-0.39658199172072,-0.313737180885401,1.3901737141254,0,-0.302113189811343,0.450928165422603,1.04943863419058,0,1,0
"337b",0,50,0,0,0,0,0,0,0,0,0,0,0,1,0,0,0,0,0.5,8.56,"P","Commercial","Bloemfontein",295.53896,0.516666666666667,269.252277444444,240.072607,0.516666666666667,50,0,0,0,0,0,0,-0.490203026209918,-0.508684891809384,-0.24450260126359,-0.158907765236155,-0.136464600747222,-0.809323719776435,-0.575962463956698,-0.756233994460723,0.213004049987944,-0.661748180471979,-0.39658199172072,-0.313737180885401,0.336568372893524,1,-0.302113189811343,0.98150825273996,0.577780821071235,1,0,0
"p001b",30,600,0,0,450,0,0,0,0,30,0,0,0,1,1,0,100,1,6.5,759,"P","Commercial","Brandfort",321.3055,0.55,258.879686222222,264.52276,0.533333333333333,630,30,450,0.714285714285714,0.0476190476190476,0.0476190476190476,0,-0.406594228448241,0.00339837074238901,-0.24450260126359,-0.158907765236155,-0.136464600747222,-0.575402571675778,0.0625178656026901,-0.168867785170841,0.966912987987076,-0.137960783837651,0.466073700239759,5.7716822759435,1.03897193371477,0.952380952380952,-0.302113189811343,1.62258788314873,1.04943863419058,1,1,0
"p002b",70,300,0,0,100,0,0,6,0,10,0,0,1,1,1,0,51.5,4,4,590,"P","Semi-Commercial","Bultfontein",319.89613,0.533333333333333,267.629388777778,270.946413,0.533333333333333,370,16,100,0.27027027027027,0.0432432432432432,0.189189189189189,0,-0.295115831432673,-0.275919772467669,-0.24450260126359,0.210645177173508,-0.136464600747222,-0.628081898509384,1.97795885428086,-0.413603705708292,0.925675916965984,-0.372762030604764,0.0635010439915353,1.03857825396547,0.687770153304134,0.810810810810811,-0.302113189811343,1.79101517647136,1.04943863419058,1,1,0
"p003b",195,1000,0,8,100,0,2,0,100,50,0,0,0,0,1,0,0,0,3.5,2200,"P","Commercial","Bultfontein",333.448382,0.55,280.643575666667,270.138433,0.533333333333333,1195,152,108,0.0903765690376569,0.127196652719665,0.163179916317992,0,0.0532541592409788,0.375822561689133,-0.24450260126359,-0.158907765236155,-0.136464600747222,-0.126225589621188,-0.575962463956698,-0.462550889815782,1.32220427943982,0.372280387021652,3.97420684754571,1.14676348875353,1.03897193371477,0.836820083682008,-0.302113189811343,1.76983005260822,1.04943863419058,1,1,0
"p004b",2500,0,0,0,0,0,0,0,0,0,0,0,1,0,0,0,50,1,3,598,"P","Commercial","Bultfontein",330.315733,0.533333333333333,286.663850222222,266.58,0.516666666666667,2500,0,0,0,0,1,0,6.47719678726311,-0.555237915677727,-0.24450260126359,-0.158907765236155,-0.136464600747222,-0.625588202564598,0.0625178656026901,-0.511498073923272,1.23054540398685,1.55080202944889,-0.39658199172072,-0.313737180885401,0.687770153304134,0,-0.302113189811343,1.67652843144968,0.577780821071235,0,1,0
"p007l",500,6000,0,0,0,0,0,0,30,20,0,0,0,1,1,0,0,0,0,4000,"P","Commercial","Lukhof",270.29494,0.466666666666667,259.372292111111,147.638164,0.45,6500,50,0,0,0.00769230769230769,0.0769230769230769,0,0.903276936484689,5.03112494852343,-0.24450260126359,-0.158907765236155,-0.136464600747222,0.434855997955677,-0.575962463956698,-0.805181178568213,-0.525616358845715,5.16312890278909,1.04117749488008,-0.313737180885401,-0.717036968338353,0.923076923076923,-0.302113189811343,-1.4421100598113,-1.30885043140624,1,1,0
"p011p",30,40,0,2,6,0,0,0,0,0,0,0,0,0,1,0,90,1,2.5,130,"P","Commercial","Petrusburg",267.953407,0.483333333333333,262.299201777778,181.245892,0.466666666666667,70,0,8,0.114285714285714,0,0.428571428571429,0,-0.406594228448241,-0.517995496583052,-0.24450260126359,-0.158907765236155,-0.136464600747222,-0.771469415334583,0.0625178656026901,-0.560445258030763,-0.594127794891063,-0.643686546105278,-0.39658199172072,-0.205551946097332,-0.365835187927742,0.571428571428571,-0.302113189811343,-0.560920079318403,-0.837192618286868,1,1,0
"331f",40,1100,0,0,250,0,0,0,0,0,0,0,1,0,1,0,0,0,9.5,3056,"P","Commercial","Fauresmith",259.72432,0.45,292.520946111111,191.391597,0.533333333333333,1140,0,250,0.219298245614035,0,0.0350877192982456,0,-0.378724629194349,0.468928609425819,-0.24450260126359,-0.158907765236155,-0.136464600747222,0.140599876470921,-0.575962463956698,0.1248153194741,-0.834904485935824,0.322610892513224,-0.39658199172072,3.06705140624177,-1.06823874874899,0.964912280701754,-0.302113189811343,-0.29490109728437,1.04943863419058,1,1,0
"p013b",0,400,0,0,200,0,0,0,50,20,0,0,0,1,1,0,2.5,1,3,410,"P","Semi-Commercial","Brandfort",321.3055,0.55,258.879686222222,264.52276,0.533333333333333,400,70,200,0.5,0.175,0,0,-0.490203026209918,-0.182813724730983,-0.24450260126359,-0.158907765236155,-0.136464600747222,-0.68419005726707,0.0625178656026901,-0.511498073923272,0.966912987987076,-0.345669579054712,1.6162812895204,2.39089368881633,1.03897193371477,1,-0.302113189811343,1.62258788314873,1.04943863419058,1,0,0
"149b",500,0,0,20,0,0,0,0,0,0,0,0,0,0,1,0,0,0,14,9000,"P","Commercial","Bloemfontein",350.4515,0.533333333333333,275.009908777778,236.580176,0.516666666666667,500,0,20,0.04,0,1,0,0.903276936484689,-0.555237915677727,-0.24450260126359,-0.158907765236155,-0.136464600747222,1.99341596344697,-0.575962463956698,0.565339976441512,1.8197022995098,-0.255361407221207,-0.39658199172072,-0.0432740939152277,0.687770153304134,0,-0.302113189811343,0.889937194893896,0.577780821071235,0,1,0
